{
  "config": {
    "step": "overlap_steps",
    "algorithm": "Nelder-Mead",
    "error": "mpe",
    "transformation function": "sigmoid",
    "calculations position": "inner",
    "max iterations": 30,
    "window size": 3,
    "performance index": 1e-5,
    "data normalization ranges": null
  },
  "files": {
    "training": [0, 1],
    "testing": 1,
    "train path": "/Users/miloszwrzesien/Downloads/UWaveGestureLibrary/UWaveGestureLibrary_TRAIN.arff",
    "test path": "/Users/miloszwrzesien/Downloads/UWaveGestureLibrary/UWaveGestureLibrary_TEST.arff",
    "class": 0,
    "dimensions": 3
  },
  "weights": {
    "aggregation": null,
    "fcm": [
      [0.15747503625457338, 0.08423255665853091, -0.32106439893504124],
      [-0.7525545745348479, 0.4083945563561926, 0.33707468531504103],
      [-0.03937109230721303, 0.046956300061582024, 0.032336781882236654]
    ]
  },
  "train results": {
    "0": {
      "0": {
        "rmse": 0.17704762841747604,
        "mpe": 1.0530781972790844,
        "max_pe": 2.6772342168135177
      },
      "1": {
        "rmse": 0.1791372289677497,
        "mpe": 0.4475616742031117,
        "max_pe": 0.9117332255485098
      }
    }
  },
  "test results": {
    "0": {
      "0": {
        "rmse": 0.17467911193833663,
        "mpe": 0.46184080878670797,
        "max_pe": 0.9589131557636589
      },
      "1": {
        "rmse": 0.18606251035394375,
        "mpe": 0.4054615922351431,
        "max_pe": 0.6261299179022429
      },
      "2": {
        "rmse": 0.1772914853295127,
        "mpe": 0.4501185118618743,
        "max_pe": 0.9235199205455182
      },
      "3": {
        "rmse": 0.1544551435247493,
        "mpe": 1.2288526196220506,
        "max_pe": 3.2623582782546072
      },
      "4": {
        "rmse": 0.15924486439353439,
        "mpe": 0.4101469746728119,
        "max_pe": 0.9417002402435489
      },
      "5": {
        "rmse": 0.18631285957742827,
        "mpe": 0.588714203327124,
        "max_pe": 1.0733389183470825
      },
      "6": {
        "rmse": 0.17647945459020556,
        "mpe": 0.4355793579063162,
        "max_pe": 0.8668958042464484
      },
      "7": {
        "rmse": 0.1859438822987704,
        "mpe": 0.5023008913285144,
        "max_pe": 0.8463331373881777
      }
    },
    "1": {
      "0": {
        "rmse": 0.1812196860844421,
        "mpe": 0.6565659063378144,
        "max_pe": 1.3294110488607724
      },
      "1": {
        "rmse": 0.1760961342209773,
        "mpe": 0.5974206924563121,
        "max_pe": 1.0884934555802355
      },
      "2": {
        "rmse": 0.1538115936911877,
        "mpe": 0.9747323864871975,
        "max_pe": 2.5572377340480172
      },
      "3": {
        "rmse": 0.171682519620949,
        "mpe": 1.339056002726034,
        "max_pe": 3.3851940994795156
      },
      "4": {
        "rmse": 0.14507292037808114,
        "mpe": 0.8812307069344438,
        "max_pe": 2.1737550133044774
      },
      "5": {
        "rmse": 0.18144746251099814,
        "mpe": 2.753466506309559,
        "max_pe": 7.794748017606843
      },
      "6": {
        "rmse": 0.17566175834177733,
        "mpe": 0.8975476846858148,
        "max_pe": 2.2261557943867096
      },
      "7": {
        "rmse": 0.18506901071449736,
        "mpe": 0.4613743446975066,
        "max_pe": 0.8121831847330628
      }
    },
    "2": {
      "0": {
        "rmse": 0.17529168701149764,
        "mpe": 0.6179191330707399,
        "max_pe": 1.2529986201507426
      },
      "1": {
        "rmse": 0.17571069512583798,
        "mpe": 0.4814693527337652,
        "max_pe": 0.9732047770571705
      },
      "2": {
        "rmse": 0.22434551285887167,
        "mpe": 0.559242944024305,
        "max_pe": 1.1749061876293634
      },
      "3": {
        "rmse": 0.19191500989698734,
        "mpe": 0.5000208038952908,
        "max_pe": 1.040859555198369
      },
      "4": {
        "rmse": 0.13957527183268792,
        "mpe": 2.0909679837607085,
        "max_pe": 5.893375605812751
      },
      "5": {
        "rmse": 0.20272156685418674,
        "mpe": 0.4535573523049342,
        "max_pe": 0.9364095726933618
      },
      "6": {
        "rmse": 0.21562172292855403,
        "mpe": 0.6643665548709757,
        "max_pe": 1.573353749230053
      },
      "7": {
        "rmse": 0.16547562978808936,
        "mpe": 0.3687711041959113,
        "max_pe": 0.6432112439570767
      }
    },
    "3": {
      "0": {
        "rmse": 0.20383205814986208,
        "mpe": 0.41144119611045654,
        "max_pe": 0.6456166750865879
      },
      "1": {
        "rmse": 0.1925408934943419,
        "mpe": 0.5056847307868443,
        "max_pe": 1.0487353710300067
      },
      "2": {
        "rmse": 0.2094353389315492,
        "mpe": 0.6474174292723481,
        "max_pe": 1.111600871484427
      },
      "3": {
        "rmse": 0.1718277887647419,
        "mpe": 0.6176409972348547,
        "max_pe": 1.4477112879115919
      },
      "4": {
        "rmse": 0.22057023532209102,
        "mpe": 0.5131952372964201,
        "max_pe": 1.0678030786741444
      },
      "5": {
        "rmse": 0.20582364642322368,
        "mpe": 0.518814777829817,
        "max_pe": 1.022279366451586
      },
      "6": {
        "rmse": 0.19678188467710667,
        "mpe": 0.5012057630303635,
        "max_pe": 0.9161286204287828
      },
      "7": {
        "rmse": 0.20781818678821806,
        "mpe": 0.6678010251135483,
        "max_pe": 1.0642797484496722
      }
    },
    "4": {
      "0": {
        "rmse": 0.1519619373725168,
        "mpe": 0.3624561437738228,
        "max_pe": 0.6415636631668489
      },
      "1": {
        "rmse": 0.18203301601310792,
        "mpe": 0.900061891235371,
        "max_pe": 2.046820787988152
      },
      "2": {
        "rmse": 0.12476711988232021,
        "mpe": 1.0608609060427245,
        "max_pe": 2.892660625162168
      },
      "3": {
        "rmse": 0.12928328635323474,
        "mpe": 0.305810326091645,
        "max_pe": 0.5525712236844018
      },
      "4": {
        "rmse": 0.15555363716431664,
        "mpe": 0.3778553919673957,
        "max_pe": 0.651531984739195
      },
      "5": {
        "rmse": 0.1659661842263205,
        "mpe": 12.446977887916772,
        "max_pe": 36.365900988744286
      },
      "6": {
        "rmse": 0.19149210245512288,
        "mpe": 0.5030561247352247,
        "max_pe": 0.9528010156514426
      },
      "7": {
        "rmse": 0.17652160147388563,
        "mpe": 0.5940706323267222,
        "max_pe": 1.1754640984938831
      }
    },
    "5": {
      "0": {
        "rmse": 0.18794618763805104,
        "mpe": 0.532983500059062,
        "max_pe": 0.7795586045543187
      },
      "1": {
        "rmse": 0.2041668737700963,
        "mpe": 0.481014965737307,
        "max_pe": 0.7917573752431429
      },
      "2": {
        "rmse": 0.17642646570813114,
        "mpe": 0.4385371796375381,
        "max_pe": 0.728840962345215
      },
      "3": {
        "rmse": 0.17635686533880182,
        "mpe": 0.6773976517034875,
        "max_pe": 1.2553562547590127
      },
      "4": {
        "rmse": 0.17573234646999233,
        "mpe": 0.40534884208206673,
        "max_pe": 0.7057276819117646
      },
      "5": {
        "rmse": 0.17018873758418943,
        "mpe": 0.6333248758161628,
        "max_pe": 1.4467570198719537
      },
      "6": {
        "rmse": 0.196062619278757,
        "mpe": 0.5491480450262919,
        "max_pe": 0.7804634985473212
      },
      "7": {
        "rmse": 0.16271178156413776,
        "mpe": 0.7182812363602352,
        "max_pe": 1.8082530596391655
      }
    },
    "6": {
      "0": {
        "rmse": 0.18832374793029785,
        "mpe": 0.6632323273173945,
        "max_pe": 1.409948436637711
      },
      "1": {
        "rmse": 0.1688811444314288,
        "mpe": 0.43621050606575107,
        "max_pe": 0.8821150249900729
      },
      "2": {
        "rmse": 0.17798566263263893,
        "mpe": 0.3953499837219172,
        "max_pe": 0.7109396406250391
      },